<edmx:Edmx xmlns:edmx="http://schemas.microsoft.com/ado/2007/06/edmx"
	xmlns:m="http://schemas.microsoft.com/ado/2007/08/dataservices/metadata" xmlns:sap="http://www.sap.com/Protocols/SAPData" Version="1.0">
	<edmx:DataServices m:DataServiceVersion="2.0">
		<Schema xmlns="http://schemas.microsoft.com/ado/2008/09/edm" Namespace="ZGW_EIA_FUEL_SURCHARGE_SRV" xml:lang="en" sap:schema-version="1">
			<EntityType Name="FUEL_SURCHRG_HEADER" sap:content-version="1">
				<Key><PropertyRef Name="fromDate"/><PropertyRef Name="toDate"/></Key><Property Name="fromDate" Type="Edm.String" Nullable="false" MaxLength="8" sap:unicode="false" sap:creatable="false" sap:updatable="false"
					sap:sortable="false" sap:filterable="false"/><Property Name="toDate" Type="Edm.String" Nullable="false" MaxLength="8" sap:unicode="false" sap:creatable="false" sap:updatable="false"
					sap:sortable="false" sap:filterable="false"/><Property Name="region" Type="Edm.String" Nullable="false" MaxLength="30" sap:unicode="false" sap:creatable="false" sap:updatable="false"
					sap:sortable="false" sap:filterable="false"/><Property Name="division" Type="Edm.String" Nullable="false" MaxLength="2" sap:unicode="false" sap:creatable="false" sap:updatable="false"
					sap:sortable="false" sap:filterable="false"/><NavigationProperty Name="NAV_HEADER_TO_PRINT" Relationship="ZGW_EIA_FUEL_SURCHARGE_SRV.HEADER_TO_PRINT" FromRole="FromRole_HEADER_TO_PRINT"
					ToRole="ToRole_HEADER_TO_PRINT"/></EntityType>
			<EntityType Name="FUEL_SURCHRGE_PRINT" sap:content-version="1">
				<Key><PropertyRef Name="fuelDate"/><PropertyRef Name="weekPrice"/><PropertyRef Name="salesOrg"/></Key><Property Name="Miles" Type="Edm.String" Nullable="false" MaxLength="8" sap:unicode="false" sap:label="Miles" sap:creatable="false"
					sap:updatable="false" sap:sortable="false" sap:filterable="false"/><Property Name="fuelDate" Type="Edm.String" Nullable="false" MaxLength="8" sap:unicode="false" sap:label="Date" sap:creatable="false"
					sap:updatable="false" sap:sortable="false" sap:filterable="false"/><Property Name="weekPrice" Type="Edm.String" Nullable="false" MaxLength="5" sap:unicode="false" sap:label="Week Price" sap:creatable="false"
					sap:updatable="false" sap:sortable="false" sap:filterable="false"/><Property Name="salesOrg" Type="Edm.String" Nullable="false" MaxLength="4" sap:unicode="false" sap:label="Sales Org." sap:creatable="false"
					sap:updatable="false" sap:sortable="false" sap:filterable="false"/><Property Name="distrChannel" Type="Edm.String" Nullable="false" MaxLength="2" sap:unicode="false" sap:label="Distr. Channel"
					sap:creatable="false" sap:updatable="false" sap:sortable="false" sap:filterable="false"/><Property Name="division" Type="Edm.String" Nullable="false" MaxLength="2" sap:unicode="false" sap:label="Division" sap:creatable="false"
					sap:updatable="false" sap:sortable="false" sap:filterable="false"/><Property Name="shipTo" Type="Edm.String" Nullable="false" MaxLength="10" sap:unicode="false" sap:label="Ship-to Party"
					sap:creatable="false" sap:updatable="false" sap:sortable="false" sap:filterable="false"/><Property Name="supplPlant" Type="Edm.String" Nullable="false" MaxLength="4" sap:unicode="false" sap:label="Supplying Plant"
					sap:creatable="false" sap:updatable="false" sap:sortable="false" sap:filterable="false"/><Property Name="condType" Type="Edm.String" Nullable="false" MaxLength="4" sap:unicode="false" sap:label="Condition type"
					sap:creatable="false" sap:updatable="false" sap:sortable="false" sap:filterable="false"/><Property Name="amount" Type="Edm.Decimal" Nullable="false" Precision="12" Scale="3" sap:unicode="false" sap:label="Amount"
					sap:creatable="false" sap:updatable="false" sap:sortable="false" sap:filterable="false"/><Property Name="condCurr" Type="Edm.String" Nullable="false" MaxLength="5" sap:unicode="false" sap:label="Condition Currency"
					sap:creatable="false" sap:updatable="false" sap:sortable="false" sap:filterable="false" sap:semantics="currency-code"/><Property Name="pricingUnit" Type="Edm.Decimal" Nullable="false" Precision="5" Scale="0" sap:unicode="false" sap:label="Pricing unit"
					sap:creatable="false" sap:updatable="false" sap:sortable="false" sap:filterable="false"/><Property Name="unitOfMeasure" Type="Edm.String" Nullable="false" MaxLength="3" sap:unicode="false" sap:label="Unit of Measure"
					sap:creatable="false" sap:updatable="false" sap:sortable="false" sap:filterable="false" sap:semantics="unit-of-measure"/><Property Name="validFrom" Type="Edm.String" Nullable="false" MaxLength="8" sap:unicode="false" sap:label="Valid From" sap:creatable="false"
					sap:updatable="false" sap:sortable="false" sap:filterable="false"/><Property Name="validTo" Type="Edm.String" Nullable="false" MaxLength="8" sap:unicode="false" sap:label="Valid To" sap:creatable="false"
					sap:updatable="false" sap:sortable="false" sap:filterable="false"/></EntityType>
			<EntityType Name="DIVISION" sap:content-version="1">
				<Key><PropertyRef Name="division"/></Key><Property Name="division" Type="Edm.String" Nullable="false" MaxLength="2" sap:unicode="false" sap:creatable="false" sap:updatable="false"
					sap:sortable="false" sap:filterable="false"/></EntityType>
			<Association Name="HEADER_TO_PRINT" sap:content-version="1"><End Type="ZGW_EIA_FUEL_SURCHARGE_SRV.FUEL_SURCHRG_HEADER" Multiplicity="0..1" Role="FromRole_HEADER_TO_PRINT"/><End Type="ZGW_EIA_FUEL_SURCHARGE_SRV.FUEL_SURCHRGE_PRINT" Multiplicity="*" Role="ToRole_HEADER_TO_PRINT"/>
				<ReferentialConstraint>
					<Principal Role="FromRole_HEADER_TO_PRINT"><PropertyRef Name="fromDate"/><PropertyRef Name="toDate"/></Principal>
					<Dependent Role="ToRole_HEADER_TO_PRINT"><PropertyRef Name="validTo"/><PropertyRef Name="validFrom"/></Dependent>
				</ReferentialConstraint>
			</Association>
			<EntityContainer Name="ZGW_EIA_FUEL_SURCHARGE_SRV_Entities" m:IsDefaultEntityContainer="true" sap:supported-formats="atom json xlsx"><EntitySet Name="FUEL_SURCHRG_HEADERSet" EntityType="ZGW_EIA_FUEL_SURCHARGE_SRV.FUEL_SURCHRG_HEADER" sap:creatable="false"
				sap:updatable="false" sap:deletable="false" sap:pageable="false" sap:addressable="false" sap:content-version="1"/><EntitySet Name="FUEL_SURCHRGE_PRINTSet" EntityType="ZGW_EIA_FUEL_SURCHARGE_SRV.FUEL_SURCHRGE_PRINT" sap:creatable="false"
				sap:updatable="false" sap:deletable="false" sap:pageable="false" sap:addressable="false" sap:content-version="1"/><EntitySet Name="DIVISIONSet" EntityType="ZGW_EIA_FUEL_SURCHARGE_SRV.DIVISION" sap:creatable="false" sap:updatable="false"
				sap:deletable="false" sap:pageable="false" sap:addressable="false" sap:content-version="1"/>
				<AssociationSet Name="HEADER_TO_PRINTSet" Association="ZGW_EIA_FUEL_SURCHARGE_SRV.HEADER_TO_PRINT" sap:creatable="false"
					sap:updatable="false" sap:deletable="false" sap:content-version="1"><End EntitySet="FUEL_SURCHRG_HEADERSet" Role="FromRole_HEADER_TO_PRINT"/><End EntitySet="FUEL_SURCHRGE_PRINTSet" Role="ToRole_HEADER_TO_PRINT"/></AssociationSet>
			</EntityContainer><atom:link xmlns:atom="http://www.w3.org/2005/Atom" rel="self"
				href="https://DQF.SAP.CHEVRON.COM:44396/sap/opu/odata/sap/ZGW_EIA_FUEL_SURCHARGE_SRV/$metadata"/><atom:link xmlns:atom="http://www.w3.org/2005/Atom" rel="latest-version"
				href="https://DQF.SAP.CHEVRON.COM:44396/sap/opu/odata/sap/ZGW_EIA_FUEL_SURCHARGE_SRV/$metadata"/></Schema>
	</edmx:DataServices>
</edmx:Edmx>